{
  "TastyView": {
    "tastytrade-api": {
      "x": 1026.4694116156404,
      "y": -399.01986879041124
    },
    "dxlink-mgr": {
      "x": 1025.110526072895,
      "y": -260.34744759743865
    },
    "ws-listener": {
      "x": 1311.748893243117,
      "y": -250.20257925938688
    },
    "keepalive": {
      "x": 1315.543055115448,
      "y": -112.62132592060647
    },
    "queue-control": {
      "x": 401.5359952367612,
      "y": 432.9024329405852
    },
    "queue-profile": {
      "x": 591.5359952367612,
      "y": 432.9024329405852
    },
    "queue-summary": {
      "x": 781.5359952367612,
      "y": 432.9024329405852
    },
    "queue-trade": {
      "x": 971.5359952367612,
      "y": 432.9024329405852
    },
    "queue-quote": {
      "x": 1161.5359952367612,
      "y": 432.9024329405852
    },
    "queue-candle": {
      "x": 1351.5359952367612,
      "y": 432.9024329405852
    },
    "queue-greeks": {
      "x": 1541.5359952367612,
      "y": 432.9024329405852
    },
    "ctrl-handler": {
      "x": 405.9647988383787,
      "y": 619.377169648979
    },
    "msg-router": {
      "x": 1020.924241796604,
      "y": 611.5486648504221
    },
    "evt-handler": {
      "x": 936.6503358291086,
      "y": 895.2320864361113
    },
    "base-event": {
      "x": 1331.5359952367612,
      "y": 612.9024329405852
    },
    "proc-latest": {
      "x": 287.0238305338354,
      "y": 909.658390574044
    },
    "proc-base": {
      "x": 287.0238305338354,
      "y": 989.658390574044
    },
    "proc-candle": {
      "x": 287.0238305338354,
      "y": 1069.658390574044
    },
    "proc-influx": {
      "x": 648.2823051318948,
      "y": 1156.8789585739753
    },
    "proc-redis": {
      "x": 1220.6274127523805,
      "y": 1080.7879956402796
    },
    "proc-metrics": {
      "x": 1519.6205748589114,
      "y": 786.7142573659067
    },
    "proc-snapshot": {
      "x": 274.91556171448633,
      "y": 798.9220834327239
    },
    "influxdb": {
      "x": 374.09811875610734,
      "y": 1354.3751815854102
    },
    "redis-pubsub": {
      "x": 1236.3867525838941,
      "y": 1404.0971532592291
    },
    "redis-state": {
      "x": 1540.2421854781894,
      "y": 1404.0971532592293
    },
    "signal-cli": {
      "x": 368.37325876581065,
      "y": 1834.1864947050965
    },
    "redis-sub": {
      "x": 1041.307880336446,
      "y": 1840.3984738813845
    },
    "signal-svc": {
      "x": 757.5754168622303,
      "y": 1832.2676056785874
    },
    "hull-macd": {
      "x": 1046.3967494869735,
      "y": 2097.0735653461356
    },
    "redis-pub": {
      "x": 1383.3907868452275,
      "y": 1823.8898430316501
    },
    "event-publisher": {
      "x": 1526.7816903078046,
      "y": 2168.8465839028554
    },
    "signal-persist": {
      "x": 918.4396571238901,
      "y": 1364.3812882515113
    },
    "sub-store": {
      "x": 83.53210626809597,
      "y": -253.51213368712942
    },
    "channel-specs": {
      "x": 72.71190472761278,
      "y": -383.4043414582795
    },
    "mkt-provider": {
      "x": 71.94807332179953,
      "y": 1368.1176874408102
    },
    "cli-entry": {
      "x": -244.76086636378358,
      "y": 87.29344763967364
    },
    "credentials": {
      "x": 645.1308364244586,
      "y": -400.4553961806679
    },
    "config-mgr": {
      "x": 432.63362965959095,
      "y": 91.2247333614268
    },
    "observability": {
      "x": -568.2863665852741,
      "y": 94.99017767496599
    },
    "acct-streamer": {
      "x": 1583.9436964894746,
      "y": -403.2773063409626
    },
    "metrics-tracker": {
      "x": 1870.067499946974,
      "y": 785.8039682015573
    },
    "acct-publisher": {
      "x": 1742.5,
      "y": 435
    },
    "pos-reader": {
      "x": 1833.4769155015579,
      "y": 1078.3819373184322
    },
    "strategy-classifier": {
      "x": 2117.783149341443,
      "y": 1085.0945130698703
    },
    "strategy-patterns": {
      "x": 2476.5714285714284,
      "y": 1138.857142857143
    },
    "strategy-models": {
      "x": 2124,
      "y": 1336
    },
    "strategy-health": {
      "x": 2146.9787007094933,
      "y": 848.9553904757892
    },
    "health-config": {
      "x": 2042.4585710234908,
      "y": 631.1434863890187
    },
    "sub-orchestrator": {
      "x": 57.570931691546775,
      "y": 88.46043916816485
    },
    "backtest-cli": {
      "x": 380,
      "y": 2397.3654399597913
    },
    "backtest-replay": {
      "x": 100,
      "y": 2400
    },
    "backtest-runner": {
      "x": 660,
      "y": 2400
    },
    "backtest-publisher": {
      "x": 1172.5608235146292,
      "y": 2356.4635058912227
    },
    "backtest-signal": {
      "x": 1506.3406116819233,
      "y": 2353.2932000502606
    }
  }
}
