{
  "TastyView": {
    "tastytrade-api": {
      "x": 509.4871794871795,
      "y": -59.230769230769226
    },
    "dxlink-mgr": {
      "x": 755.6410256410256,
      "y": 136.92307692307693
    },
    "ws-listener": {
      "x": 754.1025641025641,
      "y": -57.17948717948718
    },
    "keepalive": {
      "x": 981.025641025641,
      "y": -54.871794871794876
    },
    "queue-control": {
      "x": 380,
      "y": 360
    },
    "queue-profile": {
      "x": 570,
      "y": 360
    },
    "queue-summary": {
      "x": 760,
      "y": 360
    },
    "queue-trade": {
      "x": 950,
      "y": 360
    },
    "queue-quote": {
      "x": 1140,
      "y": 360
    },
    "queue-candle": {
      "x": 1330,
      "y": 360
    },
    "queue-greeks": {
      "x": 1520,
      "y": 360
    },
    "ctrl-handler": {
      "x": 383.5897435897436,
      "y": 515.6410256410256
    },
    "msg-router": {
      "x": 900,
      "y": 520
    },
    "evt-handler": {
      "x": 900,
      "y": 690
    },
    "base-event": {
      "x": 626.6666666666667,
      "y": 605.3846153846154
    },
    "proc-latest": {
      "x": 333.5897435897436,
      "y": 749.4871794871794
    },
    "proc-base": {
      "x": 343.8461538461538,
      "y": 828.974358974359
    },
    "proc-candle": {
      "x": 336.1538461538462,
      "y": 914.8717948717949
    },
    "proc-influx": {
      "x": 856.6666666666666,
      "y": 875.1282051282051
    },
    "proc-redis": {
      "x": 1116.923076923077,
      "y": 877.6923076923077
    },
    "proc-signal": {
      "x": 1337.4358974358975,
      "y": 877.6923076923077
    },
    "proc-metrics": {
      "x": 1570.7692307692307,
      "y": 887.9487179487179
    },
    "proc-snapshot": {
      "x": 1568.7179487179487,
      "y": 766.1538461538461
    },
    "influxdb": {
      "x": 880,
      "y": 1070
    },
    "redis": {
      "x": 1180,
      "y": 1070
    },
    "redis-sub": {
      "x": 935.6912748584218,
      "y": 1271.2442369688329
    },
    "signal-svc": {
      "x": 952.3924715651525,
      "y": 1471.2941350920094
    },
    "hull-macd": {
      "x": 1364.8847393766578,
      "y": 1483.7327109064986
    },
    "redis-pub": {
      "x": 1231.3402393413462,
      "y": 1244.7350450071287
    },
    "sub-store": {
      "x": 1322.8205128205127,
      "y": 58.717948717948715
    },
    "channel-specs": {
      "x": 1321.5384615384617,
      "y": 154.8717948717949
    },
    "mkt-provider": {
      "x": 640,
      "y": 1070
    }
  },
  "TastyView2": {
    "tastytrade-api": {
      "x": -24.285714285714306,
      "y": 78.57142857142857
    },
    "dxlink-mgr": {
      "x": 120,
      "y": 230
    },
    "ws-listener": {
      "x": 188.57142857142856,
      "y": 80
    },
    "keepalive": {
      "x": 392.85714285714283,
      "y": 81.42857142857142
    },
    "queue-control": {
      "x": 120,
      "y": 430
    },
    "queue-profile": {
      "x": 310,
      "y": 430
    },
    "queue-summary": {
      "x": 500,
      "y": 430
    },
    "queue-trade": {
      "x": 690,
      "y": 430
    },
    "queue-quote": {
      "x": 880,
      "y": 430
    },
    "queue-candle": {
      "x": 1070,
      "y": 430
    },
    "queue-greeks": {
      "x": 1260,
      "y": 430
    },
    "ctrl-handler": {
      "x": 80,
      "y": 610
    },
    "msg-router": {
      "x": 640,
      "y": 590
    },
    "evt-handler": {
      "x": 640,
      "y": 760
    },
    "base-event": {
      "x": 1050,
      "y": 610
    },
    "proc-latest": {
      "x": 17.14285714285714,
      "y": 840
    },
    "proc-base": {
      "x": 25.714285714285694,
      "y": 922.8571428571429
    },
    "proc-candle": {
      "x": 18.571428571428555,
      "y": 1000
    },
    "proc-influx": {
      "x": 598.5714285714286,
      "y": 941.4285714285714
    },
    "proc-redis": {
      "x": 890,
      "y": 940
    },
    "proc-signal": {
      "x": 124.2857142857142,
      "y": 1111.4285714285713
    },
    "proc-metrics": {
      "x": 7.14285714285711,
      "y": 748.5714285714286
    },
    "proc-snapshot": {
      "x": 327.1428571428571,
      "y": 674.2857142857142
    },
    "influxdb": {
      "x": 620,
      "y": 1140
    },
    "redis": {
      "x": 920,
      "y": 1140
    },
    "redis-sub": {
      "x": 920,
      "y": 1320
    },
    "signal-svc": {
      "x": 680,
      "y": 1320
    },
    "hull-macd": {
      "x": 680,
      "y": 1490
    },
    "redis-pub": {
      "x": 920,
      "y": 1490
    },
    "sub-store": {
      "x": 1225.7142857142858,
      "y": 94.28571428571428
    },
    "channel-specs": {
      "x": 1221.4285714285713,
      "y": 178.57142857142856
    },
    "mkt-provider": {
      "x": 380,
      "y": 1140
    }
  }
}
