{
  "TastyView": {
    "tastytrade-api": {
      "x": 120,
      "y": 80
    },
    "dxlink-mgr": {
      "x": 120,
      "y": 230
    },
    "ws-listener": {
      "x": -162.8571428571429,
      "y": 31.42857142857143
    },
    "keepalive": {
      "x": -201.42857142857147,
      "y": 237.14285714285714
    },
    "queue-control": {
      "x": 120,
      "y": 430
    },
    "queue-profile": {
      "x": 310,
      "y": 430
    },
    "queue-summary": {
      "x": 500,
      "y": 430
    },
    "queue-trade": {
      "x": 690,
      "y": 430
    },
    "queue-quote": {
      "x": 888.5714285714286,
      "y": 427.1428571428571
    },
    "queue-candle": {
      "x": 1070,
      "y": 430
    },
    "queue-greeks": {
      "x": 1260,
      "y": 430
    },
    "ctrl-handler": {
      "x": 80,
      "y": 610
    },
    "reconnect-signal": {
      "x": 1522.8571428571431,
      "y": 115.71428571428572
    },
    "msg-router": {
      "x": 640,
      "y": 590
    },
    "evt-handler": {
      "x": 640,
      "y": 760
    },
    "base-event": {
      "x": 1050,
      "y": 610
    },
    "proc-latest": {
      "x": 80,
      "y": 940
    },
    "proc-base": {
      "x": 280,
      "y": 940
    },
    "proc-candle": {
      "x": 480,
      "y": 940
    },
    "proc-influx": {
      "x": 680,
      "y": 940
    },
    "proc-redis": {
      "x": 968.5714285714286,
      "y": 940
    },
    "proc-metrics": {
      "x": 1280,
      "y": 940
    },
    "proc-snapshot": {
      "x": 1460,
      "y": 940
    },
    "influxdb": {
      "x": 620,
      "y": 1140
    },
    "redis": {
      "x": 920,
      "y": 1140
    },
    "signal-cli": {
      "x": 480,
      "y": 1320
    },
    "redis-sub": {
      "x": 920,
      "y": 1320
    },
    "signal-svc": {
      "x": 680,
      "y": 1320
    },
    "hull-macd": {
      "x": 680,
      "y": 1490
    },
    "redis-pub": {
      "x": 920,
      "y": 1490
    },
    "event-publisher": {
      "x": 820,
      "y": 1400
    },
    "signal-persist": {
      "x": 480,
      "y": 1490
    },
    "sub-store": {
      "x": 1078.5714285714284,
      "y": 165.71428571428572
    },
    "channel-specs": {
      "x": 1300,
      "y": 430
    },
    "mkt-provider": {
      "x": 380,
      "y": 1140
    },
    "cli-entry": {
      "x": 80,
      "y": -280
    },
    "credentials": {
      "x": 280,
      "y": -180
    },
    "config-mgr": {
      "x": 80,
      "y": -180
    },
    "observability": {
      "x": 280,
      "y": -280
    },
    "acct-streamer": {
      "x": 1500,
      "y": -80
    },
    "metrics-tracker": {
      "x": 1500,
      "y": 940
    },
    "acct-publisher": {
      "x": 1700,
      "y": -80
    },
    "pos-reader": {
      "x": 1700,
      "y": 1140
    },
    "strategy-classifier": {
      "x": 1700,
      "y": 1320
    },
    "strategy-patterns": {
      "x": 1500,
      "y": 1490
    },
    "strategy-models": {
      "x": 1900,
      "y": 1490
    },
    "strategy-health": {
      "x": 1700,
      "y": 1650
    },
    "health-config": {
      "x": 1900,
      "y": 1650
    },
    "sub-orchestrator": {
      "x": 1500,
      "y": 230
    },
    "backtest-cli": {
      "x": 380,
      "y": 2200
    },
    "backtest-replay": {
      "x": 100,
      "y": 2400
    },
    "backtest-runner": {
      "x": 660,
      "y": 2400
    },
    "backtest-publisher": {
      "x": 1100,
      "y": 2400
    },
    "backtest-signal": {
      "x": 1100,
      "y": 2600
    }
  }
}
