{
  "TastyView": {
    "tastytrade-api": {
      "x": 1026.4694116156404,
      "y": -399.01986879041124
    },
    "dxlink-mgr": {
      "x": 1025.110526072895,
      "y": -260.34744759743865
    },
    "ws-listener": {
      "x": 1311.748893243117,
      "y": -250.20257925938688
    },
    "keepalive": {
      "x": 1315.543055115448,
      "y": -112.62132592060647
    },
    "queue-control": {
      "x": 401.5359952367612,
      "y": 432.9024329405852
    },
    "queue-profile": {
      "x": 591.5359952367612,
      "y": 432.9024329405852
    },
    "queue-summary": {
      "x": 781.5359952367612,
      "y": 432.9024329405852
    },
    "queue-trade": {
      "x": 971.5359952367612,
      "y": 432.9024329405852
    },
    "queue-quote": {
      "x": 1161.5359952367612,
      "y": 432.9024329405852
    },
    "queue-candle": {
      "x": 1351.5359952367612,
      "y": 432.9024329405852
    },
    "queue-greeks": {
      "x": 1541.5359952367612,
      "y": 432.9024329405852
    },
    "ctrl-handler": {
      "x": 405.9647988383787,
      "y": 619.377169648979
    },
    "msg-router": {
      "x": 1018.424241796604,
      "y": 606.5486648504221
    },
    "evt-handler": {
      "x": 1017.6144266093103,
      "y": 779.5690996072518
    },
    "base-event": {
      "x": 1331.5359952367612,
      "y": 612.9024329405852
    },
    "proc-latest": {
      "x": 287.0238305338354,
      "y": 909.658390574044
    },
    "proc-base": {
      "x": 287.0238305338354,
      "y": 989.658390574044
    },
    "proc-candle": {
      "x": 287.0238305338354,
      "y": 1069.658390574044
    },
    "proc-influx": {
      "x": 881.5359952367612,
      "y": 942.9024329405852
    },
    "proc-redis": {
      "x": 1268.4242417966038,
      "y": 957.9132880414058
    },
    "proc-metrics": {
      "x": 1901.1206492852257,
      "y": 1845.559077462572
    },
    "proc-snapshot": {
      "x": 274.91556171448633,
      "y": 798.9220834327239
    },
    "influxdb": {
      "x": 917.5569587744627,
      "y": 1572.2648705140791
    },
    "redis": {
      "x": 1307.1071510288764,
      "y": 1544.373320211799
    },
    "signal-cli": {
      "x": 368.37325876581065,
      "y": 1834.1864947050965
    },
    "redis-sub": {
      "x": 1041.307880336446,
      "y": 1840.3984738813845
    },
    "signal-svc": {
      "x": 757.5754168622303,
      "y": 1832.2676056785874
    },
    "hull-macd": {
      "x": 1049.2991824275587,
      "y": 2015.805443009751
    },
    "redis-pub": {
      "x": 1524.8667945970594,
      "y": 1836.8219953569667
    },
    "event-publisher": {
      "x": 1519.2616901335555,
      "y": 2002.0235518651214
    },
    "signal-persist": {
      "x": 1072.6569728957027,
      "y": 1320.0438099671153
    },
    "sub-store": {
      "x": 83.53210626809597,
      "y": -253.51213368712942
    },
    "channel-specs": {
      "x": 1684.0251199530578,
      "y": 293.9862827266658
    },
    "mkt-provider": {
      "x": 116.15808412896638,
      "y": 1580.5223193895163
    },
    "cli-entry": {
      "x": -168.79097098990428,
      "y": 90.17838037539057
    },
    "credentials": {
      "x": 644.0462949380769,
      "y": -393.9481472623776
    },
    "config-mgr": {
      "x": 432.63362965959095,
      "y": 91.2247333614268
    },
    "observability": {
      "x": -414.42328734703756,
      "y": 103.64497588211678
    },
    "acct-streamer": {
      "x": 1311.4436964894746,
      "y": -412.72175078540704
    },
    "metrics-tracker": {
      "x": 1933.0965693153823,
      "y": 2006.510169214861
    },
    "sub-orchestrator": {
      "x": 57.570931691546775,
      "y": 88.46043916816485
    }
  }
}
